3,2019-07-18T14:22:55+09:00
,2019-07-18T14:22:55+09:00
001d12d004001e36,2019-07-18T14:23:11+09:00
001d12d004001e9f,2019-07-18T14:23:15+09:00
001d12d004001e90,2019-07-18T14:23:27+09:00
001d12d004001e10,2019-07-18T14:23:40+09:00
10,2019-07-18T14:23:54+09:00
,2019-07-18T14:23:54+09:00
7735,2019-07-18T14:24:10+09:00
,2019-07-18T14:24:10+09:00
001d12d004001e50,2019-07-18T14:24:21+09:00
7715,2019-07-18T14:24:37+09:00
,2019-07-18T14:24:37+09:00
001d12d004001e24,2019-07-18T14:24:39+09:00
001d12d004001e25,2019-07-18T14:24:48+09:00
001d12d004001e17,2019-07-18T14:24:56+09:00
001d12d004001e0b,2019-07-18T14:25:16+09:00
7692,2019-07-18T14:25:25+09:00
,2019-07-18T14:25:25+09:00
001d12d004001e18,2019-07-18T14:25:30+09:00
001d12d004001e2f,2019-07-18T14:25:33+09:00
001d12d004001e33,2019-07-18T14:25:39+09:00
001d12d004001e6a,2019-07-18T14:25:52+09:00
041d12d004001e4f,2019-07-18T14:26:25+09:00
001d12d004001e3f,2019-07-18T14:26:34+09:00
001d12d004001e14,2019-07-18T14:26:45+09:00
001d12d004001e34,2019-07-18T14:26:48+09:00
001d12d004001e13,2019-07-18T14:26:57+09:00
001d12d004001e3a,2019-07-18T14:27:05+09:00
001d12d004001e39,2019-07-18T14:27:18+09:00
001d12d004001e5a,2019-07-18T14:27:25+09:00
001d12d004001e56,2019-07-18T14:27:29+09:00
001d12d004001e36,2019-07-18T14:28:11+09:00
001d12d004001e9f,2019-07-18T14:28:15+09:00
001d12d004001e90,2019-07-18T14:28:27+09:00
001d12d004001e10,2019-07-18T14:28:40+09:00
7735,2019-07-18T14:29:10+09:00
,2019-07-18T14:29:10+09:00
001d12d004001e50,2019-07-18T14:29:21+09:00
7715,2019-07-18T14:29:37+09:00
,2019-07-18T14:29:37+09:00
001d12d004001e24,2019-07-18T14:29:39+09:00
001d12d004001e25,2019-07-18T14:29:48+09:00
001d12d004001e17,2019-07-18T14:29:56+09:00
001d12d004001e0b,2019-07-18T14:30:16+09:00
7692,2019-07-18T14:30:25+09:00
,2019-07-18T14:30:25+09:00
001d12d004001e18,2019-07-18T14:30:30+09:00
001d12d004001e2f,2019-07-18T14:30:33+09:00
001d12d004001e33,2019-07-18T14:30:39+09:00
001d12d004001e6a,2019-07-18T14:30:52+09:00
041d12d004001e4f,2019-07-18T14:31:25+09:00
001d12d004001e3f,2019-07-18T14:31:34+09:00
001d12d004001e14,2019-07-18T14:31:45+09:00
001d12d004001e34,2019-07-18T14:31:48+09:00
001d12d004001e13,2019-07-18T14:31:57+09:00
001d12d004001e3a,2019-07-18T14:32:05+09:00
001d12d004001e39,2019-07-18T14:32:18+09:00
001d12d004001e5a,2019-07-18T14:32:25+09:00
001d12d004001e36,2019-07-18T14:33:11+09:00
001d12d004001e9f,2019-07-18T14:33:15+09:00
001d12d004001e90,2019-07-18T14:33:27+09:00
001d12d004001e10,2019-07-18T14:33:40+09:00
7735,2019-07-18T14:34:10+09:00
,2019-07-18T14:34:10+09:00
001d12d004001e50,2019-07-18T14:34:21+09:00
7715,2019-07-18T14:34:37+09:00
,2019-07-18T14:34:37+09:00
001d12d004001e24,2019-07-18T14:34:39+09:00
001d12d004001e25,2019-07-18T14:34:48+09:00
001d12d004001e17,2019-07-18T14:34:56+09:00
001d12d004001e0b,2019-07-18T14:35:16+09:00
7692,2019-07-18T14:35:25+09:00
,2019-07-18T14:35:25+09:00
001d12d004001e18,2019-07-18T14:35:30+09:00
001d12d004001e2f,2019-07-18T14:35:33+09:00
001d12d004001e33,2019-07-18T14:35:39+09:00
001d12d004001e6a,2019-07-18T14:35:52+09:00
041d12d004001e4f,2019-07-18T14:36:25+09:00
001d12d004001e14,2019-07-18T14:36:45+09:00
001d12d004001e34,2019-07-18T14:36:48+09:00
001d12d004001e13,2019-07-18T14:36:57+09:00
001d12d004001e3a,2019-07-18T14:37:05+09:00
001d12d004001e39,2019-07-18T14:37:18+09:00
001d12d004001e5a,2019-07-18T14:37:25+09:00
001d12d004001e56,2019-07-18T14:37:29+09:00
001d12d004001e36,2019-07-18T14:38:11+09:00
001d12d004001e9f,2019-07-18T14:38:15+09:00
001d12d004001e90,2019-07-18T14:38:27+09:00
001d12d004001e10,2019-07-18T14:38:40+09:00
7735,2019-07-18T14:39:10+09:00
,2019-07-18T14:39:10+09:00
001d12d004001e50,2019-07-18T14:39:21+09:00
7715,2019-07-18T14:39:37+09:00
,2019-07-18T14:39:37+09:00
001d12d004001e24,2019-07-18T14:39:39+09:00
001d12d004001e25,2019-07-18T14:39:48+09:00
001d12d004001e17,2019-07-18T14:39:56+09:00
001d12d004001e0b,2019-07-18T14:40:16+09:00
7692,2019-07-18T14:40:25+09:00
,2019-07-18T14:40:25+09:00
001d12d004001e18,2019-07-18T14:40:30+09:00
001d12d004001e2f,2019-07-18T14:40:33+09:00
001d12d004001e33,2019-07-18T14:40:39+09:00
001d12d004001e6a,2019-07-18T14:40:52+09:00
041d12d004001e4f,2019-07-18T14:41:25+09:00
001d12d004001e3f,2019-07-18T14:41:34+09:00
001d12d004001e14,2019-07-18T14:41:45+09:00
001d12d004001e34,2019-07-18T14:41:48+09:00
001d12d004001e13,2019-07-18T14:41:57+09:00
001d12d004001e3a,2019-07-18T14:42:05+09:00
001d12d004001e39,2019-07-18T14:42:18+09:00
001d12d004001e5a,2019-07-18T14:42:25+09:00
001d12d004001e56,2019-07-18T14:42:29+09:00
001d12d004001e36,2019-07-18T14:43:11+09:00
001d12d004001e9f,2019-07-18T14:43:15+09:00
001d12d004001e90,2019-07-18T14:43:27+09:00
001d12d004001e10,2019-07-18T14:43:40+09:00
